Type,Name,Request Count,Failure Count,Median Response Time,Average Response Time,Min Response Time,Max Response Time,Average Content Size,Requests/s,Failures/s,50%,66%,75%,80%,90%,95%,98%,99%,99.9%,99.99%,100%
POST,/lbt_2x3_nofm_*/_search [emd],200,0,830.0,1386.2851366949992,16.442417000000376,5511.230832999999,278294.62,3.3891363122043243,0.0,900,1600,2000,2600,3900,4600,4900,5300,5500,5500,5500
POST,/lbt_2x3_nofm_*/_search [sd],202,0,970.0,1339.2633806188114,7.132750000003796,5242.193707999995,1827.4405940594058,3.423027675326368,0.0,990,1500,1900,2300,3500,4200,4400,4500,5200,5200,5200
POST,/lbt_2x3_nofm_*/_search [sgg],198,0,990.0,1530.1578337828275,10.384666999996739,5540.242707999994,21556.141414141413,3.355244949082281,0.0,1000,1600,2300,3000,4200,4500,5000,5300,5500,5500,5500
,Aggregated,600,0,960.0,1417.9324688550003,7.132750000003796,5540.242707999994,100493.63833333334,10.167408936612974,0.0,960,1600,2100,2600,3900,4400,4900,5200,5500,5500,5500
